name,user_id
Vanished,975274558
Sheave,588629594
Ebobot,539991741
–î–∏–Ω—å–î–æ–Ω,688750109
–ñ–∞–±–∞–±–æ—Ç —Å –∂–∞–±–∞–º–∏ –∏ –ª—è–≥—É—à–∫–∞–º–∏,1124824021
–°–∞—à–∞,828678916
Kate,566281952
~–ù–æ–≤–æ—Ä—ñ—á–Ω–∏–π –ë—ñ–ª–∏–π –ï–ª—å—Ñ–∏–∫~,875671544
Sumdu_bot,1211582899
–ù–∞—Å—Ç—è üê∞üòá,434969259
–î–∂—É–ª–∏—è,765129129
Bogdan,481768615
Anastasia,518315722
Targitay,583694724
–∏–Ω—Ñ—É–∑–æ—Ä–∏—è —Ç–∞–ø–æ—á–∫–∞,695870102
Leane,179518265
OwO,1104551405
tepramin,596899964
tripz,675394881
Vitaliy Konchatniy,257641823
–î–º–∏—Ç—Ä–æ,610532018
–°—Ç–∞—Å,696156200
–î–∞–Ω—è,358529697
Klimü§ó,453430941
–ê—Ä—Ç–µ–º,339841418
Targitay Skolot,1206859228
–ì—Ä—É—Å—Ç–Ω–∞—è,655679695
–ö–∏—Ä–∏–ª–ª,363893872
LightWave‚òÖ,552490657
–ö–æ—Å—Ç—è,349972664
–ü–µ—Å–Ω—å –ª—å–¥–∞,468584315
oRIOn,468218780
Vladyslav,213447542
Olexandr,283313234
Danil,337960827
–†–µ–±–µ–Ω–æ–∫,1308940265
–ö–∏—Ä—é—Ö–∞,787786221
–î—ç–≤–∏–¥,1490641895
Yura üéì,345281748
impostar,1140022782
Dima,542871376
–†–∞–¥–∏–∫,524527777
–ò–≤–∞–Ω,1027319773
–ñ–æ—Ä–∞,503393458
–ù–∞—Å—Ç—ë–Ω–∞,632777826
–ê–Ω–¥—Ä–µ–π –ë–µ–ª–∫–∞,621690621
–†–æ–º–∞–Ω,391386646
–†–æ–º–∞–Ω,593046553
Andryshatina,928375900
Nikita,195788690
Yelizaveta,392566789
Denys,470026010
–ò–≤–∞–Ω,409291805
–ù–∞–∑–∞—Ä,561767648
ELIT Chat Bot,827259199
–ê—Ä—Ç—É—Ä,519877564
Alex,458746251
Isus,685141922
Sasha,1360719547
Egor,834905102
Zakhar,468227226
-,476533823
–•–æ—Ä–æ—à–∏–π,641857090
–ù–∞—Å—Ç–∞—Å—å—è,436592645
VLADICK,948969565
–ê–Ω–¥—Ä–µ–π,674417082
–íÕúÕìÕçÃ≠–∞Õ¢Ã§ÕàÃ•Ã¶–ªÃ®ÕçÃôÕöÕé–µÃ¢ÕîÃùÃòÕçÕñ—ÄÕúÃ•ÕïÕöÃ¶–∞Ã®ÕéÃØÃò,667693167
Sublime Bot,232117096
Shura,690354688
Mary Scary,386044539
BOGEMA,364276162
Vladislav,671836800
–Ø –ì—É–ª—å,634876775
–ù–∏–∫–æ–ª–∞–π,364523406
–ê–Ω–¥—Ä—é—à–∞,301180169
Konstantine,496034351
Daryna,493175837
Group Stats Bot,548380210
–û–∫—Å–∞–Ω–æ—á–∫–∞,335295058
Valeria,587092849
Aleksey Kulikov,380932795
whhhatislovve,679988987
–û–ª—ç–Ω–∞,292205469
makuha94,871174496
Sasha,1033401687
–ï–≤–≥–µ–Ω–∏—è,581575881
Dima,585708010
Smmrtm,221227414
None_,348691140
Kolgotka,464339408
–î–µ–Ω–∏—Å,722407409
–∑–∑—Ä–µ–∞–≤,421392365
–ê—Ä—Ç—ë–º,376477256
–î–∞—Ä–∏–Ω–∞,395657698
Vitalik,759612159
Deniska,389514386
–ò–ª—å—è,761202580
SkyWalker,304730960
–Ø–Ω,332750215
–î–∏–º–∞—Å–∏–∫,630633304
Maria,906488412
üê±,396032694
–ñ–æ—Ä–∞,1454774405
Ivan,481871908
–ù–∞—Å—Ç—è,638921346
ùë©ùíêùíàùíÖùíÇùíè,763514943
pavlovskaya,709564323
Miracle~,747537986
V L „É† D,868131009
√¶,1331439640
Olha,804756171
Satoru,467581315
ALEXANDR,393321016
Oreki,860917557
Toshi,450966904
–î–º–∏—Ç—Ä–∏–π,724231725
–í–ª–∞–¥,675366037
PantsuSherloh,637623636
–í–ª–∞–¥,561505791
Denis,390875312
provocation of thought,233404709
–ê–ª–∏–Ω–∞,1329292512
–ú–∞—Ä–∏–Ω–∞,605295147
Marisichka,585968733
–ò–ª—å—è,710944602
LoshaNovak,1035418483
–ù–∞–∑–∞—Ä,646414314
Pierre Wimille,393867143
–í–ª–∞–¥,698434511
–°–µ—Ä–≥–µ–π,293832093
–ö–∞–º–∏–ª,1273983059
–î–µ–¥,1300308204
–ê–Ω–∞—Å—Ç–∞—Å–∏—è,571828262
Tony,764345256
–Ø—Ä–∏–Ω–∞,452171893
–°–æ—Ñ–∏—è,414839501
Alex,1183300241
–°–µ–≤–∞,242611720
Lina,854210060
–ê–Ω—Ç–æ–Ω,831493744
–í–∞–Ω—è,618562111
Kovalenko Misha IN-03,383946489
–î–º–∏—Ç—Ä–∏–π,461644519
Danya,619779336
–ß–∏–∫–∏–±—Ä—è–∫,497877171
Vamtos,432418014
–ï–≤–≥–µ–Ω–∏–π,983110541
–Æ—Ä–∞,523462380
–ê–ª–µ–∫—Å–µ–π,568619944
–°–µ—Ä–≥–µ–π,415629327
–°–µ—Ä–µ–∂–∫–∞,852388882
–í–æ–≤–∞:),549277083
–°–æ–Ω—èüç™,708697962
–Æ—Ä—ñ–π,934575235
Bohdan,674737284
–õ–µ–Ω–æ—á–∫–∞,924988075
–ú–∞—Ä–∏–Ω–∞,548935666
–ê–Ω–¥—Ä—é—Ö–µ–≤–∏—á,860979780
Lyubomir,376640021
Alya,738619436
–°–µ—Ä–≥–µ–π,1105020344
TaniaZ,664246656
–∑—É–ª—å—Ñ–∏—è,590384494
–ê–ª—ë–Ω–∞,560345320
–†–æ–º–∞–Ω,705413991
Sofia,452489434
,1339813016
,1270792984
Nikita,584625532
–°–º–µ—à–Ω–æ–µ –∂–∏–≤–æ—Ç–Ω–æ–µ,585560605
–î–∞–Ω–∏–ª,592313699
kjrjto,741693494
–î–∏–º–∞,362710951
–¢–æ—Ö–∞,753005343
–ê—Ä—Ç—ë–º,963069217
Alex,416548168
Hnitii Vitalii,633237213
Bogdan,427679706
–°–µ—Ä–≥–µ–π,762149143
SaNyo4eK,300680723
–î–µ–Ω–∏—Å,516150794
–í–ª–∞–¥,556955550
–ü–∞–≤–µ–ª,555803606
–ê–Ω–≥–µ–ª–∏–Ω–∞,643448841
–í–∞–¥–∏–º,623287891
–†–æ–º–∞–Ω,930834842
Ruslan,593545157
–ö–æ—Ç–ª—è—Ä–æ–≤,1125822057
–í–ª–∞–¥,536249396
–ê—Ä—Ç–µ–º,736926736
Evgeniy,498437148
–ê–Ω–≥–µ–ª–∏–Ω–∞,647892411
–°–∞—à–∫–æ,826369588
Karina,614420594
True Mafia,468253535
–û–î,481631020
Sergio,986001212
–°—Ç–∞—Å,416143082
–ê–ª–µ–∫—Å–µ–π,826722264
–ù–∏–∫–∞,491158831
–ê–Ω—Ç–æ–Ω,570640624
–ê–ª–µ–∫—Å–µ–π,850561473
–í–ª–∞–¥,252873180
–ú–∏—Ö–∞–∏–ª,979635746
–†–æ–º–∞–Ω,1389141212
–î–º–∏—Ç—Ä–∏–π,590578734
–í–ª–∞–¥–∏—Å–ª–∞–≤,544606873
Stas,520555565
Anastasiya,353763353
A–Ω—è,648215751
Nikita,428137614
Vlad,966023088
–î–∞–Ω–∏–∏–ª,600336437
–°–µ–Ω—è,629647830
Danil,703445536
...,414037927
DevilMayCry,1362439941
–ê–Ω—è,364470442
–û–ª–µ–∫—Å–∞–Ω–¥—Ä,860766140
Anton,1261919231
–ó–∞—Ç—É–ª—ñ–π,1360942538
Sereda,745007860
–°–∞–Ω–∏—á–∫–∞,534645062
DimON,522961758
–í–∞–¥–∏–º,401466544
Yugin,1088523717
–î–∏–º–∞,852145476
–ê–Ω–¥—Ä–µ–π,782443252
Tanya,827141133
ne budi,288503860
Vlad,470601332
–ê–Ω–∞—Å—Ç–∞—Å–∏—è,698841739
Dmitriy,374058815
Danil,702141742
—Ö–æ–ª–æ–¥,1228267160
–í–ª–∞–¥,461697340
X,666298546
–ï–ª–Ü–¢,1167562149
Yury,386395024
–ë–∞–ª–∞—Ü—å–∫–∏–π,1161031521
–í–ª–∞–¥–∏–º–∏—Ä,398732225
–ù–∏–∫–∏—Ç–∞,331672880
–í–ª–∞–¥,643620446
Belka,416793494
Nik,208876005
Anna,302508046
Sergey,357632939
–ê–ª–µ–∫—Å–∞–Ω–¥—Ä,859680780
Suchev,382068377
–ê—Ä—Ç—ë–º,530370297
Vlados,692472641
Vlad Sytnikov,348300115
–ñ–µ–Ω—è,738058840
Taras,446987789
–¢–æ–∫–º–∏–∫,534983089
Rock Scissors Paper Bot,1278604777
–ï–ª–µ–Ω–∞,597771472
Igor Khaletskiy,183386352
Evgeniy,245877630
Roman Kvitnitskiy,565166014
Polina,391419266
–ù–æ—Å–∏–∫,524248363
Andrei,541547011
Vladyslav,381777638
–í—è—á–µ—Å–ª–∞–≤,345696123
–í—ñ—Ç–∞–ª—ñ–π,978628467
–ó–∞—Ö–∞—Ä –Ø—Ä–º–∞–∫,573888803
–°–∞—à–∞,646633497
–ö–æ–ª—è–Ω,366811256
___MIH4_____,534420400
Lers,424913279
ùïäùïíùïûùïìùïñùï£,206175515
Artem Koplyk,306653572
Pokin.‚É§,687848333
–°–µ–≤–µ—Ä–∏–Ω,824322567
Ann,398584648
Nick,382421622
Oleksey,151455567
Mishanya,319726893
Nastya,465714433
Fedor,515881396
—è—Ä–æ—Å–ª–∞–≤–Ω–∞ —Å–µ—Ä–≥–æ–µ–≤–Ω–∞,219869951
–í–ª–∞–¥–∞,371788034
JOJOBA,754895703
daria,386486975
Olga,545636703
Kirill,540168197
Alina,444474961
Romeo,461612189
Anton,403643960
Mudak,341658312
Kirill,333039818
Vadim,359783921
–ì–ª–µ–±,529499349
Ihor,329509105
Rymbels,857170148
–ë–æ–≥–¥–∞–Ω,342231640
Yuriy,428792665
–ú–∏—Ö–∞–∏–ª,862513805
Igor,462282221
–ë–æ–≥–¥–∞–Ω,644275862
walter,524769314
Yaroslav,220253221
Artem,398555274
–°–µ—Ä–≥–µ–π,467238977
–í–æ–≤–∞,620104858
Vova,436914681
–æ—á–µ–Ω—å –ø–ª–æ—Ö–æ–π —á–µ–ª–æ–≤–µ–∫,396523764
Dmitry,778964718
–ê—Ä—Ç—ë–º,486752936
Miss Güí´,745844766
–ú–∞—Ä–∏—è,403593721
–ü–∞–≤–µ–ª,433070385
–Æ—Ä–∞,299483825
Timur,362689878
–í–ª–∞–¥,278311577
–î–∞—à–∞,665419747
VLADBRIGHT,399643206